City,Temperature,Rainfall,Humidity,Wind_Speed,Latitude,Longitude,Earthquake_Frequency,Drought_Index,Cyclone_Risk,Risk_Level,State,Zone
Port Blair,29.914520547945205,2279.0,80.54520547945205,19.812328767123287,11.6234,92.7265,20,0.514,0.1811945205479452,High,Andaman & Nicobar Islands,island
Port Blair,29.914520547945205,2279.0,80.54520547945205,19.812328767123287,11.6234,92.7265,20,0.514,0.1811945205479452,High,Andaman & Nicobar Islands,island
Port Blair,29.914520547945205,2279.0,80.54520547945205,19.812328767123287,11.6234,92.7265,20,0.514,0.1811945205479452,High,Andaman & Nicobar Islands,island
Anantapur,34.31643835616438,489.9,54.69315068493151,20.483561643835618,14.6783,77.6065,0,0.5224191780821917,0.3782191780821918,High,Andhra Pradesh,coastal_east
Kadapa,35.16465753424658,653.8,57.07671232876712,18.813698630136987,14.4753,78.8217,0,0.5200438356164384,0.36267397260273976,Medium,Andhra Pradesh,coastal_east
Kakinada,32.15506849315069,1526.2,75.32876712328768,17.735342465753423,16.9437,82.2351,0,0.5182438356164384,0.16887671232876714,Medium,Andhra Pradesh,coastal_east
Kurnool,34.147123287671235,689.9,55.964383561643835,16.890136986301368,15.8309,78.0425,0,0.5219890410958904,0.36150684931506843,Medium,Andhra Pradesh,coastal_east
Nellore,34.16958904109589,1283.1,70.53424657534246,17.42849315068493,14.4494,79.9874,0,0.5159616438356164,0.18825753424657535,Medium,Andhra Pradesh,coastal_east
Rajahmundry,33.18027397260274,1900.0,73.40273972602739,17.284383561643835,17.005,81.7805,0,0.5164054794520548,0.21596712328767123,High,Andhra Pradesh,coastal_east
Tirupati,33.2172602739726,1241.6,67.21369863013699,14.738082191780821,13.6316,79.4232,0,0.5176794520547945,0.353013698630137,Medium,Andhra Pradesh,coastal_east
Vijayawada,34.5,1309.1,68.54794520547945,16.23972602739726,16.5062,80.648,0,0.5212109589041095,0.2526520547945206,Medium,Andhra Pradesh,coastal_east
Vijayawada,34.5,1309.1,68.54794520547945,16.23972602739726,16.5062,80.648,0,0.5212109589041095,0.2526520547945206,Medium,Andhra Pradesh,coastal_east
Visakhapatnam,32.144383561643835,1403.6,75.94520547945206,17.73917808219178,17.6868,83.2185,0,0.5186794520547945,0.2368986301369863,Medium,Andhra Pradesh,coastal_east
Visakhapatnam,32.144383561643835,1403.6,75.94520547945206,17.73917808219178,17.6868,83.2185,0,0.5186794520547945,0.2368986301369863,Medium,Andhra Pradesh,coastal_east
Itanagar,26.4,2887.0,78.71232876712328,8.60986301369863,27.098,93.6237,6,0.5156630136986302,0.35013698630136986,High,Arunachal Pradesh,inland_northeast
Pasighat,27.427945205479453,3425.9,74.53972602739726,7.484657534246575,28.059,95.3325,6,0.5190958904109589,0.34777534246575337,High,Arunachal Pradesh,inland_northeast
Tawang,12.679726027397262,1487.1,80.47945205479452,7.0238356164383555,27.5879,91.8637,6,0.5121890410958904,0.35,Medium,Arunachal Pradesh,inland_northeast
Ziro,19.616712328767125,1842.7,83.23287671232876,8.486849315068493,27.5387,93.8154,4,0.519386301369863,0.35,Medium,Arunachal Pradesh,inland_northeast
Bongaigaon,28.722739726027395,4413.0,81.36986301369863,11.335616438356164,26.48,90.558,9,0.5184849315068493,0.2530739726027397,High,Assam,inland_northeast
Dibrugarh,27.918082191780822,3568.3,81.81095890410958,10.364931506849317,27.4728,94.912,6,0.5138,0.3125095890410959,High,Assam,inland_northeast
Dibrugarh,27.918082191780822,3568.3,81.81095890410958,10.364931506849317,27.4728,94.912,6,0.5138,0.3125095890410959,High,Assam,inland_northeast
Dibrugarh,27.918082191780822,3568.3,81.81095890410958,10.364931506849317,27.4728,94.912,6,0.5138,0.3125095890410959,High,Assam,inland_northeast
Guwahati,29.1,2710.9,79.69589041095891,10.853424657534246,26.1445,91.7362,15,0.5173205479452054,0.2405369863013698,High,Assam,inland_northeast
Guwahati,29.1,2710.9,79.69589041095891,10.853424657534246,26.1445,91.7362,15,0.5173205479452054,0.2405369863013698,High,Assam,inland_northeast
Guwahati,29.1,2710.9,79.69589041095891,10.853424657534246,26.1445,91.7362,15,0.5173205479452054,0.2405369863013698,High,Assam,inland_northeast
Jorhat,28.101095890410956,3859.9,84.88493150684931,10.793150684931506,26.7578,94.208,8,0.5132931506849315,0.29359452054794516,High,Assam,inland_northeast
Nagaon,29.386301369863013,2670.3,79.28219178082192,11.123561643835616,26.3314,92.7525,11,0.5160383561643836,0.25624109589041094,High,Assam,inland_northeast
Silchar,30.247945205479454,2822.0,80.08767123287672,10.908219178082192,24.8333,92.7789,18,0.5131753424657535,0.1841095890410959,High,Assam,inland_northeast
Silchar,30.247945205479454,2822.0,80.08767123287672,10.908219178082192,24.8333,92.7789,18,0.5131753424657535,0.1841095890410959,High,Assam,inland_northeast
Silchar,30.247945205479454,2822.0,80.08767123287672,10.908219178082192,24.8333,92.7789,18,0.5131753424657535,0.1841095890410959,High,Assam,inland_northeast
Tezpur,28.936164383561646,3610.6,80.58082191780822,13.870958904109589,26.617,92.765,9,0.5142849315068493,0.2831178082191781,High,Assam,inland_northeast
Tinsukia,28.02931506849315,3449.0,82.56438356164384,9.891780821917807,27.488,95.3602,11,0.5122684931506849,0.3324054794520548,High,Assam,inland_northeast
Arrah,31.49972602739726,1044.8,66.33424657534246,15.90082191780822,25.5603,84.6632,0,0.5196602739726027,0.26784109589041094,Medium,Bihar,inland_central
Begusarai,31.229315068493154,1199.8,68.43835616438356,16.485205479452055,25.5125,86.0883,1,0.5194821917808219,0.2517424657534246,Medium,Bihar,inland_central
Bhagalpur,30.6813698630137,1339.4,73.97534246575343,15.132328767123289,25.2861,87.1304,1,0.5212219178082191,0.2245041095890411,Medium,Bihar,inland_central
Darbhanga,30.773424657534246,1443.8,70.7068493150685,16.06054794520548,26.083,86.0325,3,0.5194465753424657,0.24883287671232876,Medium,Bihar,inland_central
Gaya,31.94301369863014,1108.4,62.88219178082192,15.30082191780822,24.7964,85.008,0,0.5191643835616438,0.33142465753424655,Medium,Bihar,inland_central
Muzaffarpur,31.07150684931507,1243.3,68.54794520547945,15.903287671232876,26.1483,85.3316,2,0.5199123287671233,0.2666849315068493,Medium,Bihar,inland_central
Patna,31.115342465753425,1186.1,67.69041095890411,16.28027397260274,25.6093,85.1376,0,0.5199643835616439,0.2636493150684931,Medium,Bihar,inland_north
Patna,31.115342465753425,1186.1,67.69041095890411,16.28027397260274,25.6093,85.1376,0,0.5199643835616439,0.2636493150684931,Medium,Bihar,inland_north
Purnia,30.736164383561647,1552.8,72.47397260273972,14.936712328767122,25.7759,87.4088,1,0.5175287671232877,0.23397260273972603,Medium,Bihar,inland_central
Chandigarh,28.35041095890411,858.6999999999999,63.67123287671233,15.787123287671234,30.7333,76.7794,1,0.5212821917808219,0.3620547945205479,Medium,Chandigarh,inland_north
Chandigarh,28.35041095890411,858.6999999999999,63.67123287671233,15.787123287671234,30.7333,76.7794,1,0.5212821917808219,0.3620547945205479,Medium,Chandigarh,inland_north
Ambikapur,29.71972602739726,1175.7,62.99178082191781,14.072328767123286,23.1226,83.1982,0,0.5178383561643836,0.35547945205479453,Medium,Chhattisgarh,inland_central
Bhilai,31.897260273972602,1767.7,64.71232876712328,13.38986301369863,21.2121,81.3733,0,0.5171506849315068,0.35520547945205483,Medium,Chhattisgarh,inland_central
Bilaspur,32.2786301369863,1420.2,59.95068493150685,14.652876712328768,22.1638,82.1366,0,0.5211890410958904,0.3578082191780822,Medium,Chhattisgarh,inland_central
Durg,31.897260273972602,1767.7,64.71232876712328,13.38986301369863,21.1983,81.4008,0,0.5171506849315068,0.35520547945205483,Medium,Chhattisgarh,inland_central
Korba,31.12027397260274,1263.8,65.81369863013698,13.965753424657533,22.5198,82.635,0,0.5196931506849315,0.35315068493150686,Medium,Chhattisgarh,inland_central
Raigarh,32.20164383561644,1526.7,59.895890410958906,13.172876712328769,22.2362,83.353,0,0.5171178082191781,0.3538356164383562,Medium,Chhattisgarh,inland_central
Raipur,32.22410958904109,1740.8,62.2,12.732876712328768,21.2514,81.6296,0,0.5171315068493151,0.3532876712328767,Medium,Chhattisgarh,inland_central
Raipur,32.22410958904109,1740.8,62.2,12.732876712328768,21.2514,81.6296,0,0.5171315068493151,0.3532876712328767,Medium,Chhattisgarh,inland_central
Delhi,30.130684931506853,860.5,64.03561643835616,15.832328767123288,28.6139,77.209,0,0.5198602739726027,0.360241095890411,Medium,Delhi,inland_north
Delhi,30.130684931506853,860.5,64.03561643835616,15.832328767123288,28.6139,77.209,0,0.5198602739726027,0.360241095890411,Medium,Delhi,inland_north
Goa,33.66465753424658,2474.7,72.18356164383562,15.413972602739728,15.2993,74.124,0,0.5210164383561644,0.3312931506849315,High,Goa,coastal_west
Goa,33.66465753424658,2474.7,72.18356164383562,15.413972602739728,15.2993,74.124,0,0.5210164383561644,0.3312931506849315,High,Goa,coastal_west
Goa,33.66465753424658,2474.7,72.18356164383562,15.413972602739728,15.2993,74.124,0,0.5210164383561644,0.3312931506849315,High,Goa,coastal_west
Mapusa,31.538904109589044,2400.9,74.04657534246576,19.065479452054795,15.5909,73.8102,0,0.5218109589041096,0.1584,Medium,Goa,coastal_west
Margao,31.22849315068493,2640.3,76.05753424657534,19.02931506849315,15.2729,73.9583,0,0.5214657534246575,0.17023013698630138,High,Goa,coastal_west
Panaji,30.984931506849314,2442.9,75.45205479452055,19.73178082191781,15.499,73.8282,0,0.5220767123287671,0.1550794520547945,Medium,Goa,coastal_west
Ponda,32.88465753424657,2486.2,72.9041095890411,16.39917808219178,15.4036,74.0102,0,0.5222465753424658,0.17972602739726026,High,Goa,coastal_west
Vasco da Gama,28.863835616438354,2423.5,77.2904109589041,25.29013698630137,15.3984,73.8129,0,0.5215342465753424,0.1913095890410959,Medium,Goa,coastal_west
Ahmedabad,33.70082191780822,1035.9,55.45753424657534,15.97068493150685,23.0225,72.5714,0,0.5211890410958904,0.2499397260273972,Medium,Gujarat,inland_west
Ahmedabad,33.70082191780822,1035.9,55.45753424657534,15.97068493150685,23.0225,72.5714,0,0.5211890410958904,0.2499397260273972,Medium,Gujarat,inland_west
Anand,33.66684931506849,1033.9,57.131506849315066,15.523835616438356,22.5587,72.9627,0,0.5202684931506849,0.23,Medium,Gujarat,coastal_west
Bharuch,33.41890410958904,958.0,61.66849315068493,16.671232876712327,21.708,72.9957,0,0.5225369863013699,0.18412602739726028,Medium,Gujarat,coastal_west
Bhavnagar,32.636986301369866,777.1,59.38356164383562,19.378082191780823,21.7719,72.1416,0,0.5214767123287671,0.20414246575342465,Medium,Gujarat,coastal_west
Gandhinagar,33.320547945205476,1056.9,55.9972602739726,15.671506849315069,23.2233,72.6492,0,0.5204164383561644,0.28955616438356163,Medium,Gujarat,coastal_west
Jamnagar,32.017534246575345,790.8,65.88493150684931,20.92219178082192,22.4732,70.0552,0,0.5228,0.1986684931506849,Medium,Gujarat,coastal_west
Junagadh,32.33424657534247,1095.1,61.96986301369863,16.702465753424658,21.522,70.4582,0,0.5170821917808219,0.3015616438356164,Medium,Gujarat,coastal_west
Morbi,33.13369863013698,648.1,58.32876712328767,18.576712328767123,22.8004,70.8862,0,0.519558904109589,0.27887671232876715,Medium,Gujarat,coastal_west
Navsari,32.99835616438356,1203.5,63.54794520547945,18.12054794520548,20.9524,72.9324,0,0.5204301369863014,0.1856712328767123,Medium,Gujarat,coastal_west
Rajkot,33.15068493150685,680.3,58.67945205479453,17.456164383561642,22.3039,70.8022,0,0.5233205479452054,0.350772602739726,Medium,Gujarat,inland_west
Rajkot,33.15068493150685,680.3,58.67945205479453,17.456164383561642,22.3039,70.8022,0,0.5233205479452054,0.350772602739726,Medium,Gujarat,inland_west
Surat,32.90767123287671,1209.1,64.83287671232877,17.626849315068494,21.1702,72.8311,0,0.5206712328767122,0.1788109589041096,Medium,Gujarat,coastal_west
Surat,32.90767123287671,1209.1,64.83287671232877,17.626849315068494,21.1702,72.8311,0,0.5206712328767122,0.1788109589041096,Medium,Gujarat,coastal_west
Vadodara,33.51972602739726,988.0,58.50684931506849,15.674794520547946,22.3072,73.1812,0,0.5215013698630137,0.2150191780821918,Medium,Gujarat,inland_west
Vadodara,33.51972602739726,988.0,58.50684931506849,15.674794520547946,22.3072,73.1812,0,0.5215013698630137,0.2150191780821918,Medium,Gujarat,inland_west
Ambala,28.8186301369863,1025.0,67.45753424657535,16.108493150684932,30.3844,76.7704,1,0.5204246575342465,0.3621917808219178,Medium,Haryana,inland_central
Faridabad,30.305205479452052,764.6,63.64657534246575,15.404109589041095,28.4031,77.3106,0,0.5202657534246575,0.35981369863013696,Medium,Haryana,inland_central
Gurugram,29.878082191780823,724.4,65.31780821917808,15.02931506849315,28.4646,77.0299,0,0.5195205479452055,0.35684931506849316,Medium,Haryana,inland_central
Hisar,30.44082191780822,443.0,62.487671232876714,14.506575342465753,29.2397,75.8175,0,0.5225780821917808,0.3564109589041096,Medium,Haryana,inland_central
Karnal,29.413698630136988,876.3,67.25205479452055,14.44849315068493,29.7256,76.9107,0,0.5205753424657534,0.35561643835616435,Low,Haryana,inland_central
Panipat,29.576712328767123,938.1999999999999,67.11232876712329,15.095616438356164,29.3913,76.9772,0,0.5201342465753425,0.3582191780821918,Medium,Haryana,inland_central
Rohtak,30.213424657534247,686.2,64.3945205479452,14.811780821917809,28.9011,76.5802,0,0.5197479452054794,0.3558904109589041,Medium,Haryana,inland_central
Yamunanagar,28.809041095890407,971.2,69.97260273972603,15.338630136986302,30.1231,77.2863,2,0.5185945205479452,0.36123287671232873,Medium,Haryana,inland_central
Bilaspur,26.422739726027395,1270.4,73.69589041095891,9.765205479452055,31.3381,76.7612,2,0.5191041095890411,0.35068493150684926,Medium,Himachal Pradesh,himalayan
Chamba,14.21013698630137,1036.5,60.76712328767123,9.046849315068492,32.6923,76.1632,12,0.5164191780821917,0.35,Medium,Himachal Pradesh,himalayan
Dalhousie,19.101369863013698,2147.5,68.57808219178082,9.52164383561644,32.5436,75.9448,12,0.5162821917808219,0.35013698630136986,High,Himachal Pradesh,himalayan
Dharamshala,20.493972602739728,1635.5,64.05753424657534,10.191232876712329,32.219,76.3234,11,0.517972602739726,0.3510958904109589,Medium,Himachal Pradesh,himalayan
Dharamshala,20.493972602739728,1635.5,64.05753424657534,10.191232876712329,32.219,76.3234,11,0.517972602739726,0.3510958904109589,Medium,Himachal Pradesh,himalayan
Kullu,22.134794520547945,1756.2,61.74520547945205,7.029589041095891,31.9579,77.1089,13,0.5198273972602739,0.35,Medium,Himachal Pradesh,himalayan
Mandi,20.481369863013697,1237.2,67.12602739726027,8.056712328767123,31.6517,77.0093,10,0.5178054794520548,0.35,Medium,Himachal Pradesh,himalayan
Shimla,16.471232876712328,1327.8,70.69589041095891,11.04027397260274,31.1048,77.1734,2,0.5169452054794521,0.35,Medium,Himachal Pradesh,himalayan
Shimla,16.471232876712328,1327.8,70.69589041095891,11.04027397260274,31.1048,77.1734,2,0.5169452054794521,0.35,Medium,Himachal Pradesh,himalayan
Solan,20.73369863013699,1176.5,72.03287671232877,11.316986301369862,30.9078,77.1024,2,0.517172602739726,0.35041095890410956,Medium,Himachal Pradesh,himalayan
Jammu,27.63643835616438,1156.8,66.88493150684931,12.35232876712329,32.7266,74.857,15,0.5202904109589042,0.3552054794520548,Medium,Jammu & Kashmir,himalayan
Jammu,27.63643835616438,1156.8,66.88493150684931,12.35232876712329,32.7266,74.857,15,0.5202904109589042,0.3552054794520548,Medium,Jammu & Kashmir,himalayan
Srinagar,17.59260273972603,1320.7,68.98630136986301,9.642191780821918,34.0837,74.7973,18,0.5182684931506849,0.3504109589041095,Medium,Jammu & Kashmir,himalayan
Srinagar,17.59260273972603,1320.7,68.98630136986301,9.642191780821918,34.0837,74.7973,18,0.5182684931506849,0.3504109589041095,Medium,Jammu & Kashmir,himalayan
Bokaro,31.52,1304.5,65.73150684931507,13.792876712328766,23.6991,85.9911,0,0.5182684931506849,0.3550684931506849,Medium,Jharkhand,inland_central
Deoghar,30.838356164383562,961.7,65.52054794520548,15.175342465753424,24.4898,86.699,1,0.5205835616438357,0.3593150684931507,Medium,Jharkhand,inland_central
Dhanbad,31.87616438356164,1343.1,62.96986301369863,15.570958904109588,23.7953,86.431,0,0.5189753424657534,0.3590410958904109,Medium,Jharkhand,inland_central
Giridih,30.47041095890411,966.1,64.04657534246576,15.37917808219178,24.3315,86.1548,0,0.5198273972602739,0.3590410958904109,Medium,Jharkhand,inland_central
Hazaribagh,29.186849315068496,950.8000000000001,63.3013698630137,15.932328767123288,24.0867,85.4912,0,0.5148383561643836,0.36095890410958903,Low,Jharkhand,inland_central
Jamshedpur,32.103013698630136,1298.4,65.14520547945206,13.23013698630137,22.8015,86.203,0,0.5186794520547946,0.3505808219178082,Medium,Jharkhand,inland_central
Ranchi,28.8627397260274,973.1,63.30958904109589,15.225753424657531,23.3441,85.3096,0,0.5167780821917808,0.3583561643835616,Low,Jharkhand,inland_central
Ranchi,28.8627397260274,973.1,63.30958904109589,15.225753424657531,23.3441,85.3096,0,0.5167780821917808,0.3583561643835616,Low,Jharkhand,inland_central
Bangalore,29.43917808219178,795.5,67.87945205479453,17.938082191780822,12.9716,77.5946,0,0.519158904109589,0.3656164383561643,Low,Karnataka,inland_south
Bangalore,29.43917808219178,795.5,67.87945205479453,17.938082191780822,12.9716,77.5946,0,0.519158904109589,0.3656164383561643,Low,Karnataka,inland_south
Belagavi,29.49013698630137,960.6,67.28219178082192,18.644931506849318,15.8497,74.4977,0,0.5197232876712329,0.3695890410958904,Low,Karnataka,inland_south
Belagavi,29.49013698630137,960.6,67.28219178082192,18.644931506849318,15.8497,74.4977,0,0.5197232876712329,0.3695890410958904,Low,Karnataka,inland_south
Bellary,33.942191780821915,424.7,52.558904109589044,19.075616438356164,15.143,76.9173,0,0.5192246575342465,0.37027397260273975,Medium,Karnataka,coastal_west
Bijapur,32.460547945205484,577.7,53.942465753424656,22.882465753424658,16.827,75.7175,0,0.5213780821917808,0.39424657534246577,High,Karnataka,coastal_west
Davanagere,32.373698630136985,758.4,60.131506849315066,18.6427397260274,14.4644,75.9218,0,0.5202383561643835,0.3676712328767123,Medium,Karnataka,inland_south
Davanagere,32.373698630136985,758.4,60.131506849315066,18.6427397260274,14.4644,75.9218,0,0.5202383561643835,0.3676712328767123,Medium,Karnataka,inland_south
Hubli,31.443287671232877,622.4,62.29041095890411,19.912054794520547,15.3647,75.124,0,0.5225972602739726,0.3763013698630136,Medium,Karnataka,inland_south
Hubli,31.443287671232877,622.4,62.29041095890411,19.912054794520547,15.3647,75.124,0,0.5225972602739726,0.3763013698630136,Medium,Karnataka,inland_south
Mangalore,30.802465753424656,2560.1,79.62739726027397,17.198082191780824,12.9141,74.856,0,0.5169561643835616,0.1675506849315068,High,Karnataka,coastal_west
Mangalore,30.802465753424656,2560.1,79.62739726027397,17.198082191780824,12.9141,74.856,0,0.5169561643835616,0.1675506849315068,High,Karnataka,coastal_west
Mangalore,30.802465753424656,2560.1,79.62739726027397,17.198082191780824,12.9141,74.856,0,0.5169561643835616,0.1675506849315068,High,Karnataka,coastal_west
Mysore,30.655890410958904,823.6,68.28219178082192,17.903013698630136,12.2958,76.6394,0,0.5192438356164384,0.3657534246575342,Medium,Karnataka,inland_south
Mysore,30.655890410958904,823.6,68.28219178082192,17.903013698630136,12.2958,76.6394,0,0.5192438356164384,0.3657534246575342,Medium,Karnataka,inland_south
Shivamogga,31.80301369863014,696.9,65.40547945205479,17.555890410958902,13.9326,75.575,0,0.5202602739726028,0.363013698630137,Medium,Karnataka,coastal_west
Tumkur,30.236164383561647,719.0,64.1917808219178,16.923287671232877,13.3401,77.1006,0,0.5205698630136987,0.36095890410958903,Medium,Karnataka,coastal_west
Alappuzha,30.934246575342467,3278.1,85.12328767123287,14.001095890410959,9.5003,76.4123,0,0.5134493150684932,0.1034082191780822,High,Kerala,coastal_west
Kannur,30.975616438356166,2899.4,80.06575342465753,16.78109589041096,11.8764,75.3738,0,0.516882191780822,0.1693095890410959,High,Kerala,coastal_west
Kochi,29.616986301369867,2760.7,83.87397260273973,15.472328767123289,9.9312,76.2673,0,0.5157890410958904,0.122931506849315,High,Kerala,coastal_west
Kochi,29.616986301369867,2760.7,83.87397260273973,15.472328767123289,9.9312,76.2673,0,0.5157890410958904,0.122931506849315,High,Kerala,coastal_west
Kochi,29.616986301369867,2760.7,83.87397260273973,15.472328767123289,9.9312,76.2673,0,0.5157890410958904,0.122931506849315,High,Kerala,coastal_west
Kollam,30.23397260273973,2413.7,80.54246575342465,17.824109589041097,8.8932,76.6141,0,0.515827397260274,0.1493698630136986,Medium,Kerala,coastal_west
Kollam,30.23397260273973,2413.7,80.54246575342465,17.824109589041097,8.8932,76.6141,0,0.515827397260274,0.1493698630136986,Medium,Kerala,coastal_west
Kottayam,32.10383561643835,3634.1,83.76986301369863,12.101095890410958,9.6287,76.6455,0,0.5134054794520548,0.21981917808219176,High,Kerala,coastal_west
Kozhikode,30.39808219178082,3021.3,82.64931506849315,15.02027397260274,11.2588,75.7804,0,0.514572602739726,0.135145205479452,High,Kerala,coastal_west
Kozhikode,30.39808219178082,3021.3,82.64931506849315,15.02027397260274,11.2588,75.7804,0,0.514572602739726,0.135145205479452,High,Kerala,coastal_west
Kozhikode,30.39808219178082,3021.3,82.64931506849315,15.02027397260274,11.2588,75.7804,0,0.514572602739726,0.135145205479452,High,Kerala,coastal_west
Manjeri,32.13808219178082,2839.0,78.04109589041096,15.405479452054795,11.1202,76.1198,0,0.5175095890410959,0.22025753424657535,High,Kerala,coastal_west
Palakkad,32.553424657534244,2349.3,74.07671232876713,17.752602739726026,10.7874,76.4742,0,0.5162602739726028,0.3076657534246575,High,Kerala,coastal_west
Ponnani,31.19698630136986,2580.5,80.01917808219179,16.926575342465753,10.7801,75.9189,0,0.5158986301369863,0.12878904109589043,High,Kerala,coastal_west
Thalassery,30.21123287671233,2846.5,80.73424657534247,16.22986301369863,11.7539,75.4923,0,0.5164,0.13036164383561644,High,Kerala,coastal_west
Thiruvananthapuram,30.255068493150684,2724.1,82.22465753424657,15.672054794520548,8.5241,76.9366,0,0.5129561643835617,0.1378794520547945,High,Kerala,coastal_west
Thiruvananthapuram,30.255068493150684,2724.1,82.22465753424657,15.672054794520548,8.5241,76.9366,0,0.5129561643835617,0.1378794520547945,High,Kerala,coastal_west
Thiruvananthapuram,30.255068493150684,2724.1,82.22465753424657,15.672054794520548,8.5241,76.9366,0,0.5129561643835617,0.1378794520547945,High,Kerala,coastal_west
Thrissur,32.02712328767123,2828.2,78.06027397260274,16.69150684931507,10.5276,76.2144,0,0.5136082191780822,0.1609424657534246,High,Kerala,coastal_west
Thrissur,32.02712328767123,2828.2,78.06027397260274,16.69150684931507,10.5276,76.2144,0,0.5136082191780822,0.1609424657534246,High,Kerala,coastal_west
Thrissur,32.02712328767123,2828.2,78.06027397260274,16.69150684931507,10.5276,76.2144,0,0.5136082191780822,0.1609424657534246,High,Kerala,coastal_west
Kargil,10.504931506849315,410.0,56.90684931506849,5.34958904109589,34.5539,76.1349,15,0.5214794520547945,0.35,Medium,Ladakh,himalayan
Kargil,10.504931506849315,410.0,56.90684931506849,5.34958904109589,34.5539,76.1349,15,0.5214794520547945,0.35,Medium,Ladakh,himalayan
Leh,8.593424657534246,390.5,37.87123287671233,9.188767123287672,34.1526,77.5771,12,0.5195890410958903,0.35,High,Ladakh,himalayan
Leh,8.593424657534246,390.5,37.87123287671233,9.188767123287672,34.1526,77.5771,12,0.5195890410958903,0.35,High,Ladakh,himalayan
Leh,8.593424657534246,390.5,37.87123287671233,9.188767123287672,34.1526,77.5771,12,0.5195890410958903,0.35,High,Ladakh,himalayan
Bhopal,30.35780821917808,1068.7,60.85479452054795,15.355068493150686,23.2599,77.4126,0,0.5189753424657534,0.3584931506849315,Medium,Madhya Pradesh,inland_central
Bhopal,30.35780821917808,1068.7,60.85479452054795,15.355068493150686,23.2599,77.4126,0,0.5189753424657534,0.3584931506849315,Medium,Madhya Pradesh,inland_central
Dewas,30.715616438356168,1001.3,58.02191780821918,15.975616438356166,22.8057,76.294,0,0.5158328767123288,0.36136986301369867,Medium,Madhya Pradesh,inland_central
Gwalior,30.88219178082192,1038.4,60.86849315068493,14.794794520547946,26.2183,78.1828,0,0.5207835616438355,0.3581972602739726,Medium,Madhya Pradesh,inland_central
Gwalior,30.88219178082192,1038.4,60.86849315068493,14.794794520547946,26.2183,78.1828,0,0.5207835616438355,0.3581972602739726,Medium,Madhya Pradesh,inland_central
Indore,30.446027397260277,1148.7,58.05205479452055,16.573150684931505,22.7196,75.8577,0,0.5148876712328767,0.363013698630137,Medium,Madhya Pradesh,inland_central
Indore,30.446027397260277,1148.7,58.05205479452055,16.573150684931505,22.7196,75.8577,0,0.5148876712328767,0.363013698630137,Medium,Madhya Pradesh,inland_central
Jabalpur,31.10684931506849,1577.7,61.14246575342466,15.172328767123286,23.1815,79.9864,0,0.5185808219178082,0.3582191780821918,Medium,Madhya Pradesh,inland_central
Jabalpur,31.10684931506849,1577.7,61.14246575342466,15.172328767123286,23.1815,79.9864,0,0.5185808219178082,0.3582191780821918,Medium,Madhya Pradesh,inland_central
Murwara,30.853972602739727,1271.0,62.81095890410959,15.240821917808217,23.834,80.3925,0,0.5185945205479452,0.3594520547945205,Medium,Madhya Pradesh,inland_central
Ratlam,30.021369863013696,950.3,58.728767123287675,16.828767123287673,23.5022,74.9552,0,0.5154712328767123,0.36232876712328765,Medium,Madhya Pradesh,inland_central
Rewa,31.004931506849317,860.7,63.05205479452055,15.345479452054796,24.5373,81.3042,0,0.5160657534246575,0.3595890410958904,Medium,Madhya Pradesh,inland_central
Rewa,31.004931506849317,860.7,63.05205479452055,15.345479452054796,24.5373,81.3042,0,0.5160657534246575,0.3595890410958904,Medium,Madhya Pradesh,inland_central
Sagar,30.031232876712327,1045.6,61.85479452054795,15.378904109589042,23.8322,78.7378,0,0.5195808219178082,0.3595890410958904,Medium,Madhya Pradesh,inland_central
Sagar,30.031232876712327,1045.6,61.85479452054795,15.378904109589042,23.8322,78.7378,0,0.5195808219178082,0.3595890410958904,Medium,Madhya Pradesh,inland_central
Satna,30.77123287671233,885.4,62.821917808219176,15.376438356164382,24.6954,80.777,0,0.5179013698630137,0.3591780821917808,Medium,Madhya Pradesh,inland_central
Singrauli,30.27123287671233,993.1,63.345205479452055,14.575616438356166,24.2431,82.3828,0,0.5175561643835616,0.356986301369863,Medium,Madhya Pradesh,inland_central
Ujjain,30.78,961.8,57.88219178082192,16.00054794520548,23.1765,75.7885,0,0.5178410958904109,0.3610958904109588,Medium,Madhya Pradesh,inland_central
Ujjain,30.78,961.8,57.88219178082192,16.00054794520548,23.1765,75.7885,0,0.5178410958904109,0.3610958904109588,Medium,Madhya Pradesh,inland_central
Ahmednagar,29.500821917808217,686.3,59.00547945205479,16.43315068493151,19.1628,74.858,0,0.5200575342465753,0.3621917808219178,Medium,Maharashtra,inland_west
Ahmednagar,29.500821917808217,686.3,59.00547945205479,16.43315068493151,19.1628,74.858,0,0.5200575342465753,0.3621917808219178,Medium,Maharashtra,inland_west
Akola,32.889315068493154,906.8,57.50958904109589,14.56821917808219,20.7618,77.1921,0,0.5177506849315068,0.356986301369863,Medium,Maharashtra,inland_central
Akola,32.889315068493154,906.8,57.50958904109589,14.56821917808219,20.7618,77.1921,0,0.5177506849315068,0.356986301369863,Medium,Maharashtra,inland_central
Alibaug,31.638630136986304,1981.6,70.40547945205479,18.59945205479452,18.6498,72.8765,0,0.5212931506849314,0.1473150684931506,Medium,Maharashtra,coastal_west
Alibaug,31.638630136986304,1981.6,70.40547945205479,18.59945205479452,18.6498,72.8765,0,0.5212931506849314,0.1473150684931506,Medium,Maharashtra,coastal_west
Amalner,33.42383561643836,915.0,57.40821917808219,14.753972602739726,21.0493,75.0573,0,0.5199698630136986,0.3583561643835616,Medium,Maharashtra,inland_west
Amalner,33.42383561643836,915.0,57.40821917808219,14.753972602739726,21.0493,75.0573,0,0.5199698630136986,0.3583561643835616,Medium,Maharashtra,inland_west
Ambajogai,31.1427397260274,743.8,57.08219178082192,16.26767123287671,18.7318,76.3855,0,0.5203753424657533,0.360958904109589,Medium,Maharashtra,inland_west
Ambajogai,31.1427397260274,743.8,57.08219178082192,16.26767123287671,18.7318,76.3855,0,0.5203753424657533,0.360958904109589,Medium,Maharashtra,inland_west
Amravati,32.51808219178082,994.6,56.87397260273973,15.397260273972602,21.1545,77.6443,0,0.5200383561643835,0.3606849315068493,Medium,Maharashtra,inland_central
Amravati,32.51808219178082,994.6,56.87397260273973,15.397260273972602,21.1545,77.6443,0,0.5200383561643835,0.3606849315068493,Medium,Maharashtra,inland_central
Aurangabad,31.06876712328767,821.0,57.608219178082194,16.241917808219178,19.8762,75.3433,0,0.5200630136986302,0.3597260273972602,Medium,Maharashtra,inland_west
Aurangabad,31.06876712328767,821.0,57.608219178082194,16.241917808219178,19.8762,75.3433,0,0.5200630136986302,0.3597260273972602,Medium,Maharashtra,inland_west
Ausa,31.446575342465756,698.9,56.84657534246576,15.895068493150683,18.251,76.501,0,0.5210876712328767,0.3584931506849315,Medium,Maharashtra,inland_central
Ausa,31.446575342465756,698.9,56.84657534246576,15.895068493150683,18.251,76.501,0,0.5210876712328767,0.3584931506849315,Medium,Maharashtra,inland_central
Baramati,31.872054794520547,532.2,56.83013698630137,23.940273972602743,18.2199,74.4534,0,0.5241095890410958,0.4024657534246575,High,Maharashtra,inland_west
Baramati,31.872054794520547,532.2,56.83013698630137,23.940273972602743,18.2199,74.4534,0,0.5241095890410958,0.4024657534246575,High,Maharashtra,inland_west
Baramati,31.872054794520547,532.2,56.83013698630137,23.940273972602743,18.2199,74.4534,0,0.5241095890410958,0.4024657534246575,High,Maharashtra,inland_west
Beed,32.22794520547946,774.4,56.65205479452055,15.403561643835618,18.9918,75.9098,0,0.5210082191780822,0.3597260273972602,Medium,Maharashtra,inland_west
Beed,32.22794520547946,774.4,56.65205479452055,15.403561643835618,18.9918,75.9098,0,0.5210082191780822,0.3597260273972602,Medium,Maharashtra,inland_west
Bhandara,31.97287671232877,1526.0,62.32602739726028,13.595616438356164,21.1226,79.7945,0,0.5196301369863013,0.3546575342465753,Medium,Maharashtra,inland_central
Bhandara,31.97287671232877,1526.0,62.32602739726028,13.595616438356164,21.1226,79.7945,0,0.5196301369863013,0.3546575342465753,Medium,Maharashtra,inland_central
Bhiwandi,33.68082191780822,1639.8,66.21095890410959,17.137260273972604,19.3026,73.0588,0,0.521276712328767,0.1568986301369863,Medium,Maharashtra,coastal_west
Bhiwandi,33.68082191780822,1639.8,66.21095890410959,17.137260273972604,19.3026,73.0588,0,0.521276712328767,0.1568986301369863,Medium,Maharashtra,coastal_west
Bhusawal,33.30904109589041,976.7,58.701369863013696,15.56082191780822,21.0457,75.7808,0,0.5194602739726026,0.3590410958904109,Medium,Maharashtra,inland_west
Bhusawal,33.30904109589041,976.7,58.701369863013696,15.56082191780822,21.0457,75.7808,0,0.5194602739726026,0.3590410958904109,Medium,Maharashtra,inland_west
Buldhana,31.14328767123288,877.4,57.74794520547945,15.835890410958903,20.5628,76.4087,0,0.5212438356164383,0.3616438356164383,Medium,Maharashtra,inland_central
Buldhana,31.14328767123288,877.4,57.74794520547945,15.835890410958903,20.5628,76.4087,0,0.5212438356164383,0.3616438356164383,Medium,Maharashtra,inland_central
Chandrapur,33.27150684931507,1444.5,57.87671232876713,13.814794520547943,20.0968,79.5045,0,0.5202575342465754,0.3554794520547945,Medium,Maharashtra,inland_central
Chandrapur,33.27150684931507,1444.5,57.87671232876713,13.814794520547943,20.0968,79.5045,0,0.5202575342465754,0.3554794520547945,Medium,Maharashtra,inland_central
Chhatrapati Sambhajinagar,31.06876712328767,821.0,57.608219178082194,16.241917808219178,19.8773,75.339,0,0.5200630136986302,0.3597260273972602,Medium,Maharashtra,inland_west
Chhatrapati Sambhajinagar,31.06876712328767,821.0,57.608219178082194,16.241917808219178,19.8773,75.339,0,0.5200630136986302,0.3597260273972602,Medium,Maharashtra,inland_west
Chiplun,34.15945205479452,1941.5,67.83561643835617,15.712876712328766,17.5253,73.5156,0,0.517854794520548,0.1356821917808219,Medium,Maharashtra,inland_west
Chiplun,34.15945205479452,1941.5,67.83561643835617,15.712876712328766,17.5253,73.5156,0,0.517854794520548,0.1356821917808219,Medium,Maharashtra,inland_west
Dahanu,30.14849315068493,1751.2,73.79178082191781,19.047123287671237,19.9887,72.7338,0,0.5213397260273972,0.1652767123287671,Medium,Maharashtra,coastal_west
Dahanu,30.14849315068493,1751.2,73.79178082191781,19.047123287671237,19.9887,72.7338,0,0.5213397260273972,0.1652767123287671,Medium,Maharashtra,coastal_west
Dapoli,30.921369863013695,2429.3,71.30958904109589,17.747945205479454,17.758,73.1887,0,0.5215780821917808,0.3636986301369863,High,Maharashtra,coastal_west
Dapoli,30.921369863013695,2429.3,71.30958904109589,17.747945205479454,17.758,73.1887,0,0.5215780821917808,0.3636986301369863,High,Maharashtra,coastal_west
Dapoli,30.921369863013695,2429.3,71.30958904109589,17.747945205479454,17.758,73.1887,0,0.5215780821917808,0.3636986301369863,High,Maharashtra,coastal_west
Dharashiv,31.06,862.5,58.54794520547945,15.936164383561644,18.1698,76.118,0,0.5200328767123287,0.3598630136986301,Medium,Maharashtra,inland_central
Dharashiv,31.06,862.5,58.54794520547945,15.936164383561644,18.1698,76.118,0,0.5200328767123287,0.3598630136986301,Medium,Maharashtra,inland_central
Dhule,32.11698630136986,641.1,55.04383561643836,19.033698630136985,21.1305,74.4901,0,0.5223123287671233,0.370958904109589,Medium,Maharashtra,inland_west
Dhule,32.11698630136986,641.1,55.04383561643836,19.033698630136985,21.1305,74.4901,0,0.5223123287671233,0.370958904109589,Medium,Maharashtra,inland_west
Gadchiroli,32.66684931506849,1769.0,62.013698630136986,13.422739726027398,19.7591,80.1623,0,0.5149945205479451,0.3527397260273973,Medium,Maharashtra,inland_central
Gadchiroli,32.66684931506849,1769.0,62.013698630136986,13.422739726027398,19.7591,80.1623,0,0.5149945205479451,0.3527397260273973,Medium,Maharashtra,inland_central
Gondia,32.226301369863016,1839.3,60.11506849315069,13.415342465753426,21.4552,80.1963,0,0.5175123287671233,0.3542465753424657,High,Maharashtra,inland_central
Gondia,32.226301369863016,1839.3,60.11506849315069,13.415342465753426,21.4552,80.1963,0,0.5175123287671233,0.3542465753424657,High,Maharashtra,inland_central
Gondia,32.226301369863016,1839.3,60.11506849315069,13.415342465753426,21.4552,80.1963,0,0.5175123287671233,0.3542465753424657,High,Maharashtra,inland_central
Guhagar,31.15945205479452,2289.1,70.1972602739726,17.849589041095893,17.4838,73.1911,0,0.5210164383561644,0.1416054794520548,Medium,Maharashtra,coastal_west
Guhagar,31.15945205479452,2289.1,70.1972602739726,17.849589041095893,17.4838,73.1911,0,0.5210164383561644,0.1416054794520548,Medium,Maharashtra,coastal_west
Hingoli,31.69068493150685,872.5,58.07945205479452,16.07972602739726,19.5431,77.1739,0,0.519731506849315,0.3616438356164383,Medium,Maharashtra,inland_central
Hingoli,31.69068493150685,872.5,58.07945205479452,16.07972602739726,19.5431,77.1739,0,0.519731506849315,0.3616438356164383,Medium,Maharashtra,inland_central
Ichalkaranji,31.397534246575344,684.1,64.25205479452055,16.96164383561644,16.6959,74.4556,0,0.5147671232876712,0.3654794520547945,Medium,Maharashtra,inland_west
Ichalkaranji,31.397534246575344,684.1,64.25205479452055,16.96164383561644,16.6959,74.4556,0,0.5147671232876712,0.3654794520547945,Medium,Maharashtra,inland_west
Igatpuri,29.698630136986303,1776.1,67.3917808219178,16.15205479452055,19.6944,73.5639,0,0.5177753424657534,0.3589041095890411,Medium,Maharashtra,inland_west
Igatpuri,29.698630136986303,1776.1,67.3917808219178,16.15205479452055,19.6944,73.5639,0,0.5177753424657534,0.3589041095890411,Medium,Maharashtra,inland_west
Islampur,31.80191780821918,1013.8,57.64931506849315,15.61013698630137,21.0396,76.4052,0,0.520641095890411,0.3587671232876712,Medium,Maharashtra,inland_west
Islampur,31.80191780821918,1013.8,57.64931506849315,15.61013698630137,21.0396,76.4052,0,0.520641095890411,0.3587671232876712,Medium,Maharashtra,inland_west
Jalgaon,32.86164383561644,988.9,58.50410958904109,14.616986301369865,20.8429,75.5261,0,0.5185835616438356,0.3563013698630136,Medium,Maharashtra,inland_west
Jalgaon,32.86164383561644,988.9,58.50410958904109,14.616986301369865,20.8429,75.5261,0,0.5185835616438356,0.3563013698630136,Medium,Maharashtra,inland_west
Jalna,31.335068493150683,895.1,58.0,15.886027397260271,19.9188,75.8709,0,0.5176904109589041,0.3594520547945205,Medium,Maharashtra,inland_west
Jalna,31.335068493150683,895.1,58.0,15.886027397260271,19.9188,75.8709,0,0.5176904109589041,0.3594520547945205,Medium,Maharashtra,inland_west
Jat,31.60958904109589,524.8,56.0027397260274,24.053424657534247,17.0719,75.3331,0,0.519958904109589,0.4031506849315068,High,Maharashtra,inland_west
Jat,31.60958904109589,524.8,56.0027397260274,24.053424657534247,17.0719,75.3331,0,0.519958904109589,0.4031506849315068,High,Maharashtra,inland_west
Jat,31.60958904109589,524.8,56.0027397260274,24.053424657534247,17.0719,75.3331,0,0.519958904109589,0.4031506849315068,High,Maharashtra,inland_west
Junnar,29.80301369863014,712.6,62.96438356164384,17.43123287671233,19.2007,73.9768,0,0.5189698630136986,0.3673972602739725,Medium,Maharashtra,inland_west
Junnar,29.80301369863014,712.6,62.96438356164384,17.43123287671233,19.2007,73.9768,0,0.5189698630136986,0.3673972602739725,Medium,Maharashtra,inland_west
Kalyan,33.957808219178084,1817.8,65.20821917808219,15.757534246575345,19.2397,73.1366,0,0.5211616438356164,0.1554739726027397,Medium,Maharashtra,coastal_west
Kalyan,33.957808219178084,1817.8,65.20821917808219,15.757534246575345,19.2397,73.1366,0,0.5211616438356164,0.1554739726027397,Medium,Maharashtra,coastal_west
Kankavli,33.983835616438355,2451.4,66.8054794520548,15.186575342465757,16.3742,73.7452,0,0.5216986301369863,0.3432602739726027,High,Maharashtra,inland_west
Kankavli,33.983835616438355,2451.4,66.8054794520548,15.186575342465757,16.3742,73.7452,0,0.5216986301369863,0.3432602739726027,High,Maharashtra,inland_west
Kankavli,33.983835616438355,2451.4,66.8054794520548,15.186575342465757,16.3742,73.7452,0,0.5216986301369863,0.3432602739726027,High,Maharashtra,inland_west
Karad,30.6627397260274,826.5,66.15068493150685,15.264109589041094,17.2852,74.1822,0,0.5167150684931506,0.3601369863013698,Medium,Maharashtra,inland_west
Karad,30.6627397260274,826.5,66.15068493150685,15.264109589041094,17.2852,74.1822,0,0.5167150684931506,0.3601369863013698,Medium,Maharashtra,inland_west
Karjat,33.23972602739726,1899.0,65.07123287671233,13.52958904109589,18.9128,73.3228,0,0.5206301369863013,0.2454191780821918,High,Maharashtra,inland_west
Karjat,33.23972602739726,1899.0,65.07123287671233,13.52958904109589,18.9128,73.3228,0,0.5206301369863013,0.2454191780821918,High,Maharashtra,inland_west
Karjat,33.23972602739726,1899.0,65.07123287671233,13.52958904109589,18.9128,73.3228,0,0.5206301369863013,0.2454191780821918,High,Maharashtra,inland_west
Khamgaon,32.36383561643835,892.2,56.65205479452055,15.743013698630136,20.6502,76.5592,0,0.5221808219178082,0.3628767123287671,Medium,Maharashtra,inland_central
Khamgaon,32.36383561643835,892.2,56.65205479452055,15.743013698630136,20.6502,76.5592,0,0.5221808219178082,0.3628767123287671,Medium,Maharashtra,inland_central
Khed,34.22273972602739,2004.9,66.16712328767123,15.302465753424656,17.7126,73.4107,0,0.5179671232876712,0.1692383561643835,High,Maharashtra,inland_west
Khed,34.22273972602739,2004.9,66.16712328767123,15.302465753424656,17.7126,73.4107,0,0.5179671232876712,0.1692383561643835,High,Maharashtra,inland_west
Khed,34.22273972602739,2004.9,66.16712328767123,15.302465753424656,17.7126,73.4107,0,0.5179671232876712,0.1692383561643835,High,Maharashtra,inland_west
Khopoli,33.4041095890411,1960.5,65.03561643835616,15.573424657534249,18.7877,73.3438,0,0.5203205479452054,0.2844767123287671,High,Maharashtra,inland_west
Khopoli,33.4041095890411,1960.5,65.03561643835616,15.573424657534249,18.7877,73.3438,0,0.5203205479452054,0.2844767123287671,High,Maharashtra,inland_west
Khopoli,33.4041095890411,1960.5,65.03561643835616,15.573424657534249,18.7877,73.3438,0,0.5203205479452054,0.2844767123287671,High,Maharashtra,inland_west
Kolhapur,31.03178082191781,764.6,64.63561643835617,18.078082191780823,16.7028,74.2405,0,0.5179534246575342,0.3697260273972602,Medium,Maharashtra,inland_west
Kolhapur,31.03178082191781,764.6,64.63561643835617,18.078082191780823,16.7028,74.2405,0,0.5179534246575342,0.3697260273972602,Medium,Maharashtra,inland_west
Kopargaon,32.07506849315068,676.8,57.88493150684931,18.02739726027397,19.837,74.4829,0,0.5213643835616438,0.3721917808219178,Medium,Maharashtra,inland_west
Kopargaon,32.07506849315068,676.8,57.88493150684931,18.02739726027397,19.837,74.4829,0,0.5213643835616438,0.3721917808219178,Medium,Maharashtra,inland_west
Kudal,32.2586301369863,2508.5,73.76986301369863,16.466575342465752,16.0172,73.6781,0,0.5217287671232876,0.1673534246575342,High,Maharashtra,inland_west
Kudal,32.2586301369863,2508.5,73.76986301369863,16.466575342465752,16.0172,73.6781,0,0.5217287671232876,0.1673534246575342,High,Maharashtra,inland_west
Kudal,32.2586301369863,2508.5,73.76986301369863,16.466575342465752,16.0172,73.6781,0,0.5217287671232876,0.1673534246575342,High,Maharashtra,inland_west
Latur,31.53452054794521,784.7,57.5972602739726,15.586575342465755,18.3553,76.7549,0,0.5198931506849315,0.3580821917808219,Medium,Maharashtra,inland_central
Latur,31.53452054794521,784.7,57.5972602739726,15.586575342465755,18.3553,76.7549,0,0.5198931506849315,0.3580821917808219,Medium,Maharashtra,inland_central
Lonavala,28.974246575342463,2056.3,70.78082191780823,16.204657534246575,18.7504,73.4069,0,0.519641095890411,0.3565753424657534,Medium,Maharashtra,inland_west
Lonavala,28.974246575342463,2056.3,70.78082191780823,16.204657534246575,18.7504,73.4069,0,0.519641095890411,0.3565753424657534,Medium,Maharashtra,inland_west
Mahabaleshwar,24.174246575342465,2814.8,69.9041095890411,13.621095890410958,17.9243,73.6576,0,0.5213835616438356,0.3521917808219177,Medium,Maharashtra,inland_west
Mahabaleshwar,24.174246575342465,2814.8,69.9041095890411,13.621095890410958,17.9243,73.6576,0,0.5213835616438356,0.3521917808219177,Medium,Maharashtra,inland_west
Malegaon,32.57616438356164,578.4,56.224657534246575,16.397534246575344,20.5576,74.5247,0,0.523304109589041,0.363972602739726,Medium,Maharashtra,inland_west
Malegaon,32.57616438356164,578.4,56.224657534246575,16.397534246575344,20.5576,74.5247,0,0.523304109589041,0.363972602739726,Medium,Maharashtra,inland_west
Malkapur,32.866027397260275,902.7,58.983561643835614,15.529041095890411,20.892,76.204,0,0.5224082191780822,0.3615068493150684,Medium,Maharashtra,inland_central
Malkapur,32.866027397260275,902.7,58.983561643835614,15.529041095890411,20.892,76.204,0,0.5224082191780822,0.3615068493150684,Medium,Maharashtra,inland_central
Manchar,30.28383561643836,789.2,63.08767123287672,15.615890410958905,19.0033,73.9427,0,0.5207342465753424,0.3608219178082191,Medium,Maharashtra,inland_west
Manchar,30.28383561643836,789.2,63.08767123287672,15.615890410958905,19.0033,73.9427,0,0.5207342465753424,0.3608219178082191,Medium,Maharashtra,inland_west
Matheran,28.715890410958902,1933.2,66.69589041095891,14.414794520547945,18.9902,73.27,0,0.5220465753424658,0.3532876712328767,Medium,Maharashtra,inland_west
Matheran,28.715890410958902,1933.2,66.69589041095891,14.414794520547945,18.9902,73.27,0,0.5220465753424658,0.3532876712328767,Medium,Maharashtra,inland_west
Mira Bhayandar,32.22027397260274,1984.2,69.37808219178082,17.512054794520548,19.3184,72.8992,0,0.5201150684931506,0.1650301369863013,Medium,Maharashtra,coastal_west
Mira Bhayandar,32.22027397260274,1984.2,69.37808219178082,17.512054794520548,19.3184,72.8992,0,0.5201150684931506,0.1650301369863013,Medium,Maharashtra,coastal_west
Mumbai,31.255068493150684,2048.1,71.54520547945205,19.45123287671233,19.076,72.8777,0,0.5208739726027397,0.1509205479452054,Medium,Maharashtra,coastal_west
Mumbai,31.255068493150684,2048.1,71.54520547945205,19.45123287671233,19.076,72.8777,0,0.5208739726027397,0.1509205479452054,Medium,Maharashtra,coastal_west
Nagpur,32.702465753424654,1391.2,57.76986301369863,14.459178082191782,21.1458,79.0882,0,0.5196109589041096,0.3568493150684931,Medium,Maharashtra,inland_central
Nagpur,32.702465753424654,1391.2,57.76986301369863,14.459178082191782,21.1458,79.0882,0,0.5196109589041096,0.3568493150684931,Medium,Maharashtra,inland_central
Nanded,32.54219178082192,790.8,59.224657534246575,13.715890410958904,19.0943,77.4833,0,0.5186301369863013,0.3536986301369862,Medium,Maharashtra,inland_central
Nanded,32.54219178082192,790.8,59.224657534246575,13.715890410958904,19.0943,77.4833,0,0.5186301369863013,0.3536986301369862,Medium,Maharashtra,inland_central
Nandurbar,33.60438356164384,760.1,58.16438356164384,16.52794520547945,21.5142,74.5406,0,0.5199479452054794,0.3641095890410959,Medium,Maharashtra,inland_west
Nandurbar,33.60438356164384,760.1,58.16438356164384,16.52794520547945,21.5142,74.5406,0,0.5199479452054794,0.3641095890410959,Medium,Maharashtra,inland_west
Nashik,30.33150684931507,646.5,63.74246575342466,17.317808219178083,19.9975,73.7898,0,0.5214931506849315,0.3650684931506849,Medium,Maharashtra,inland_west
Nashik,30.33150684931507,646.5,63.74246575342466,17.317808219178083,19.9975,73.7898,0,0.5214931506849315,0.3650684931506849,Medium,Maharashtra,inland_west
Navi Mumbai,32.990136986301366,1828.8,68.4958904109589,17.885205479452054,19.033,73.0297,0,0.5217835616438355,0.1667013698630137,High,Maharashtra,coastal_west
Navi Mumbai,32.990136986301366,1828.8,68.4958904109589,17.885205479452054,19.033,73.0297,0,0.5217835616438355,0.1667013698630137,High,Maharashtra,coastal_west
Navi Mumbai,32.990136986301366,1828.8,68.4958904109589,17.885205479452054,19.033,73.0297,0,0.5217835616438355,0.1667013698630137,High,Maharashtra,coastal_west
Palghar,33.70109589041096,1982.0,62.87123287671233,15.553698630136989,19.7572,73.0931,0,0.5211561643835617,0.2432164383561643,High,Maharashtra,coastal_west
Palghar,33.70109589041096,1982.0,62.87123287671233,15.553698630136989,19.7572,73.0931,0,0.5211561643835617,0.2432164383561643,High,Maharashtra,coastal_west
Palghar,33.70109589041096,1982.0,62.87123287671233,15.553698630136989,19.7572,73.0931,0,0.5211561643835617,0.2432164383561643,High,Maharashtra,coastal_west
Palus,31.70191780821918,747.1,61.95616438356164,17.019178082191782,17.045,74.4366,0,0.5177205479452055,0.365890410958904,Medium,Maharashtra,inland_west
Palus,31.70191780821918,747.1,61.95616438356164,17.019178082191782,17.045,74.4366,0,0.5177205479452055,0.365890410958904,Medium,Maharashtra,inland_west
Panchgani,25.06821917808219,1669.9,69.13972602739726,14.84904109589041,17.924,73.7993,0,0.5218904109589041,0.3556164383561643,Low,Maharashtra,inland_west
Panchgani,25.06821917808219,1669.9,69.13972602739726,14.84904109589041,17.924,73.7993,0,0.5218904109589041,0.3556164383561643,Low,Maharashtra,inland_west
Pandharpur,32.93506849315068,681.4,55.11506849315069,16.71232876712329,17.7256,75.3002,0,0.5217780821917808,0.3635616438356164,Medium,Maharashtra,inland_west
Pandharpur,32.93506849315068,681.4,55.11506849315069,16.71232876712329,17.7256,75.3002,0,0.5217780821917808,0.3635616438356164,Medium,Maharashtra,inland_west
Panvel,32.7358904109589,2092.8,67.40821917808219,15.92054794520548,18.9895,73.1222,0,0.5222027397260274,0.1616383561643835,Medium,Maharashtra,coastal_west
Panvel,32.7358904109589,2092.8,67.40821917808219,15.92054794520548,18.9895,73.1222,0,0.5222027397260274,0.1616383561643835,Medium,Maharashtra,coastal_west
Parbhani,32.08054794520548,802.1,59.38904109589041,14.27945205479452,19.2902,76.6026,0,0.5186109589041096,0.3567123287671233,Medium,Maharashtra,inland_central
Parbhani,32.08054794520548,802.1,59.38904109589041,14.27945205479452,19.2902,76.6026,0,0.5186109589041096,0.3567123287671233,Medium,Maharashtra,inland_central
Parli,32.11013698630137,737.8,57.80821917808219,14.28958904109589,18.8486,76.5297,0,0.5210109589041095,0.3564383561643835,Medium,Maharashtra,inland_west
Parli,32.11013698630137,737.8,57.80821917808219,14.28958904109589,18.8486,76.5297,0,0.5210109589041095,0.3564383561643835,Medium,Maharashtra,inland_west
Pimpri-Chinchwad,30.81150684931507,888.2,65.55068493150685,16.452328767123287,18.6279,73.801,0,0.5213945205479452,0.363972602739726,Medium,Maharashtra,inland_west
Pimpri-Chinchwad,30.81150684931507,888.2,65.55068493150685,16.452328767123287,18.6279,73.801,0,0.5213945205479452,0.363972602739726,Medium,Maharashtra,inland_west
Pune,30.984657534246573,782.0,62.66849315068493,17.685205479452055,18.5204,73.8567,0,0.5226383561643836,0.3686301369863014,Medium,Maharashtra,inland_west
Pune,30.984657534246573,782.0,62.66849315068493,17.685205479452055,18.5204,73.8567,0,0.5226383561643836,0.3686301369863014,Medium,Maharashtra,inland_west
Raigad,31.653150684931507,2028.8,67.69589041095891,14.947123287671232,18.4928,73.1381,0,0.5208821917808218,0.3523287671232876,High,Maharashtra,coastal_west
Raigad,31.653150684931507,2028.8,67.69589041095891,14.947123287671232,18.4928,73.1381,0,0.5208821917808218,0.3523287671232876,High,Maharashtra,coastal_west
Raigad,31.653150684931507,2028.8,67.69589041095891,14.947123287671232,18.4928,73.1381,0,0.5208821917808218,0.3523287671232876,High,Maharashtra,coastal_west
Ratnagiri,33.2613698630137,2179.1,70.15342465753425,15.702465753424656,17.2826,73.457,0,0.5200602739726028,0.3552054794520548,High,Maharashtra,coastal_west
Ratnagiri,33.2613698630137,2179.1,70.15342465753425,15.702465753424656,17.2826,73.457,0,0.5200602739726028,0.3552054794520548,High,Maharashtra,coastal_west
Ratnagiri,33.2613698630137,2179.1,70.15342465753425,15.702465753424656,17.2826,73.457,0,0.5200602739726028,0.3552054794520548,High,Maharashtra,coastal_west
Sangamner,31.032602739726027,571.0,59.38082191780822,17.77260273972603,19.4906,74.2467,0,0.5198191780821917,0.370958904109589,Medium,Maharashtra,inland_west
Sangamner,31.032602739726027,571.0,59.38082191780822,17.77260273972603,19.4906,74.2467,0,0.5198191780821917,0.370958904109589,Medium,Maharashtra,inland_west
Sangli,31.010684931506848,644.5,60.35342465753425,17.55917808219178,17.1727,74.5868,0,0.518986301369863,0.3654794520547945,Medium,Maharashtra,inland_west
Sangli,31.010684931506848,644.5,60.35342465753425,17.55917808219178,17.1727,74.5868,0,0.518986301369863,0.3654794520547945,Medium,Maharashtra,inland_west
Satara,29.92657534246576,706.4,61.17808219178082,18.591506849315067,17.6361,74.2983,0,0.5192,0.3698630136986301,Medium,Maharashtra,inland_west
Satara,29.92657534246576,706.4,61.17808219178082,18.591506849315067,17.6361,74.2983,0,0.5192,0.3698630136986301,Medium,Maharashtra,inland_west
Sawantwadi,33.61917808219178,2456.1,69.35890410958905,14.86821917808219,15.908,73.8205,0,0.5215561643835617,0.3402794520547945,High,Maharashtra,coastal_west
Sawantwadi,33.61917808219178,2456.1,69.35890410958905,14.86821917808219,15.908,73.8205,0,0.5215561643835617,0.3402794520547945,High,Maharashtra,coastal_west
Sawantwadi,33.61917808219178,2456.1,69.35890410958905,14.86821917808219,15.908,73.8205,0,0.5215561643835617,0.3402794520547945,High,Maharashtra,coastal_west
Shirpur,29.883561643835616,944.9,58.89041095890411,16.43123287671233,20.4309,76.1858,0,0.5122191780821918,0.3612328767123287,Medium,Maharashtra,inland_west
Shirpur,29.883561643835616,944.9,58.89041095890411,16.43123287671233,20.4309,76.1858,0,0.5122191780821918,0.3612328767123287,Medium,Maharashtra,inland_west
Shrigonda,32.078630136986305,651.6,56.71780821917808,19.461369863013697,18.6764,74.6709,0,0.5211780821917807,0.3752054794520548,Medium,Maharashtra,inland_west
Shrigonda,32.078630136986305,651.6,56.71780821917808,19.461369863013697,18.6764,74.6709,0,0.5211780821917807,0.3752054794520548,Medium,Maharashtra,inland_west
Shrirampur,32.215616438356165,682.1,57.47397260273973,17.14958904109589,19.642,74.7007,0,0.5185698630136986,0.3675342465753425,Medium,Maharashtra,inland_west
Shrirampur,32.215616438356165,682.1,57.47397260273973,17.14958904109589,19.642,74.7007,0,0.5185698630136986,0.3675342465753425,Medium,Maharashtra,inland_west
Sindhudurg,32.14,2470.1,72.26849315068493,15.813972602739726,16.1357,73.6522,0,0.5227917808219178,0.3553424657534246,High,Maharashtra,inland_west
Sindhudurg,32.14,2470.1,72.26849315068493,15.813972602739726,16.1357,73.6522,0,0.5227917808219178,0.3553424657534246,High,Maharashtra,inland_west
Sindhudurg,32.14,2470.1,72.26849315068493,15.813972602739726,16.1357,73.6522,0,0.5227917808219178,0.3553424657534246,High,Maharashtra,inland_west
Solapur,32.94,709.1,54.95890410958904,17.776712328767122,17.8499,75.2763,0,0.521290410958904,0.3665753424657534,Medium,Maharashtra,inland_west
Solapur,32.94,709.1,54.95890410958904,17.776712328767122,17.8499,75.2763,0,0.521290410958904,0.3665753424657534,Medium,Maharashtra,inland_west
Thane,33.36164383561644,1793.0,68.64931506849315,16.9786301369863,19.2183,72.9781,0,0.5205013698630138,0.1527616438356164,Medium,Maharashtra,coastal_west
Thane,33.36164383561644,1793.0,68.64931506849315,16.9786301369863,19.2183,72.9781,0,0.5205013698630138,0.1527616438356164,Medium,Maharashtra,coastal_west
Tuljapur,32.896986301369864,892.1,56.45479452054794,15.072876712328767,20.9824,77.655,0,0.5214328767123287,0.3590410958904109,Medium,Maharashtra,inland_central
Tuljapur,32.896986301369864,892.1,56.45479452054794,15.072876712328767,20.9824,77.655,0,0.5214328767123287,0.3590410958904109,Medium,Maharashtra,inland_central
Udgir,31.355342465753427,750.2,57.88493150684931,15.562191780821918,18.3921,77.1196,0,0.5191041095890411,0.3583561643835616,Medium,Maharashtra,inland_central
Udgir,31.355342465753427,750.2,57.88493150684931,15.562191780821918,18.3921,77.1196,0,0.5191041095890411,0.3583561643835616,Medium,Maharashtra,inland_central
Ulhasnagar,33.957808219178084,1817.8,65.20821917808219,15.757534246575345,19.2236,73.1672,0,0.5211616438356164,0.1779232876712329,High,Maharashtra,coastal_west
Ulhasnagar,33.957808219178084,1817.8,65.20821917808219,15.757534246575345,19.2236,73.1672,0,0.5211616438356164,0.1779232876712329,High,Maharashtra,coastal_west
Ulhasnagar,33.957808219178084,1817.8,65.20821917808219,15.757534246575345,19.2236,73.1672,0,0.5211616438356164,0.1779232876712329,High,Maharashtra,coastal_west
Vasai,30.935890410958905,1685.0,70.36712328767123,20.30849315068493,19.3428,72.8054,0,0.519572602739726,0.1680712328767123,High,Maharashtra,coastal_west
Vasai,30.935890410958905,1685.0,70.36712328767123,20.30849315068493,19.3428,72.8054,0,0.519572602739726,0.1680712328767123,High,Maharashtra,coastal_west
Vasai,30.935890410958905,1685.0,70.36712328767123,20.30849315068493,19.3428,72.8054,0,0.519572602739726,0.1680712328767123,High,Maharashtra,coastal_west
Virar,30.915616438356167,1711.6,72.6986301369863,19.991780821917807,19.4498,72.8121,0,0.5204,0.1554246575342465,Medium,Maharashtra,coastal_west
Virar,30.915616438356167,1711.6,72.6986301369863,19.991780821917807,19.4498,72.8121,0,0.5204,0.1554246575342465,Medium,Maharashtra,coastal_west
Wai,29.70438356164384,779.3,65.07123287671233,14.016438356164384,17.9424,73.9193,0,0.5219561643835616,0.3550684931506849,Medium,Maharashtra,inland_west
Wai,29.70438356164384,779.3,65.07123287671233,14.016438356164384,17.9424,73.9193,0,0.5219561643835616,0.3550684931506849,Medium,Maharashtra,inland_west
Wardha,32.80931506849315,1162.3,56.83561643835616,14.519452054794522,20.8256,78.6131,0,0.5180904109589041,0.3573972602739725,Medium,Maharashtra,inland_central
Wardha,32.80931506849315,1162.3,56.83561643835616,14.519452054794522,20.8256,78.6131,0,0.5180904109589041,0.3573972602739725,Medium,Maharashtra,inland_central
Washim,31.127945205479453,841.3,58.57534246575342,15.704657534246577,20.2874,77.237,0,0.5188876712328767,0.3595890410958904,Medium,Maharashtra,inland_central
Washim,31.127945205479453,841.3,58.57534246575342,15.704657534246577,20.2874,77.237,0,0.5188876712328767,0.3595890410958904,Medium,Maharashtra,inland_central
Yavatmal,32.8427397260274,1051.4,56.772602739726025,15.44027397260274,20.0639,78.3566,0,0.519476712328767,0.3610958904109588,Medium,Maharashtra,inland_central
Yavatmal,32.8427397260274,1051.4,56.772602739726025,15.44027397260274,20.0639,78.3566,0,0.519476712328767,0.3610958904109588,Medium,Maharashtra,inland_central
Bishnupur,26.562465753424654,1031.2,74.87123287671233,10.836438356164384,24.6267,93.76,27,0.5163890410958905,0.35027397260273974,Medium,Manipur,inland_northeast
Churachandpur,27.147123287671235,1038.2,78.40821917808219,10.713150684931508,24.3469,93.6994,29,0.5170164383561643,0.35027397260273974,Medium,Manipur,inland_northeast
Imphal,27.307123287671235,1027.1,72.33698630136986,12.21890410958904,24.817,93.9368,26,0.5189698630136986,0.3523287671232876,Medium,Manipur,inland_northeast
Imphal,27.307123287671235,1027.1,72.33698630136986,12.21890410958904,24.817,93.9368,26,0.5189698630136986,0.3523287671232876,Medium,Manipur,inland_northeast
Thoubal,28.216164383561644,948.2,71.18904109589042,12.275342465753425,24.6387,93.9969,29,0.5180821917808219,0.3532876712328767,Medium,Manipur,inland_northeast
Jowai,21.445753424657532,1691.7,81.95068493150686,15.555342465753425,25.4435,92.1973,15,0.5199260273972602,0.3617808219178082,Medium,Meghalaya,inland_northeast
Nongstoin,21.295068493150684,1490.5,80.61643835616438,16.814794520547945,25.5726,91.2541,15,0.5178301369863014,0.36589041095890407,Medium,Meghalaya,inland_northeast
Shillong,22.26630136986301,1290.7,76.38356164383562,12.208767123287672,25.5788,91.8933,15,0.5173506849315068,0.3543835616438356,Medium,Meghalaya,inland_northeast
Shillong,22.26630136986301,1290.7,76.38356164383562,12.208767123287672,25.5788,91.8933,15,0.5173506849315068,0.3543835616438356,Medium,Meghalaya,inland_northeast
Tura,28.17616438356164,1807.7,74.16438356164383,12.648767123287671,25.5126,90.2172,8,0.5212849315068493,0.353013698630137,Medium,Meghalaya,inland_northeast
Aizawl,25.82958904109589,1280.3,75.07945205479452,9.130958904109589,23.7278,92.718,19,0.5181643835616438,0.35,Medium,Mizoram,inland_northeast
Champhai,25.456438356164384,1331.2,74.74246575342465,10.476986301369863,23.6317,93.3493,29,0.5179013698630137,0.35027397260273974,Medium,Mizoram,inland_northeast
Lunglei,29.513150684931507,2134.3,76.31506849315069,9.754520547945205,22.952,92.6339,19,0.5168164383561644,0.35027397260273974,High,Mizoram,inland_northeast
Dimapur,28.91150684931507,2047.7,81.42465753424658,11.802191780821918,25.9041,93.7178,18,0.5139972602739726,0.34856986301369863,High,Nagaland,inland_northeast
Kohima,22.16,4114.8,80.93424657534247,8.84054794520548,25.6619,94.1019,20,0.5129534246575342,0.35,High,Nagaland,inland_northeast
Mokokchung,27.810136986301373,2690.3,81.12602739726027,9.015616438356163,26.4796,94.5105,12,0.5140328767123288,0.35,High,Nagaland,inland_northeast
Balasore,32.45342465753425,1447.9,72.95890410958904,14.78986301369863,21.5006,86.9199,0,0.5191808219178082,0.19767123287671234,Medium,Odisha,coastal_east
Baripada,32.48301369863014,1403.7,69.01917808219179,14.244931506849314,21.9342,86.7309,0,0.5157287671232876,0.22636712328767122,Medium,Odisha,coastal_east
Bhadrak,32.71479452054795,1654.1,72.4,15.406301369863014,20.9854,86.5934,0,0.5185616438356164,0.17106849315068492,Medium,Odisha,coastal_east
Bhubaneswar,32.556164383561644,1640.6,74.42739726027398,15.564931506849314,20.2961,85.8245,0,0.5188,0.2417095890410959,Medium,Odisha,coastal_east
Bhubaneswar,32.556164383561644,1640.6,74.42739726027398,15.564931506849314,20.2961,85.8245,0,0.5188,0.2417095890410959,Medium,Odisha,coastal_east
Brahmapur,31.884931506849316,1425.3,76.43561643835616,14.863013698630137,19.3098,84.7972,0,0.5174958904109589,0.2232876712328767,Medium,Odisha,coastal_east
Cuttack,32.39397260273972,1573.2,75.7068493150685,14.090958904109588,20.4625,85.8828,0,0.5183589041095891,0.2078739726027397,Medium,Odisha,coastal_east
Cuttack,32.39397260273972,1573.2,75.7068493150685,14.090958904109588,20.4625,85.8828,0,0.5183589041095891,0.2078739726027397,Medium,Odisha,coastal_east
Puri,30.905479452054795,1586.7,79.01643835616439,17.283561643835615,19.8076,85.8253,0,0.5189506849315069,0.18887123287671234,Medium,Odisha,coastal_east
Rourkela,32.12849315068493,1582.3,65.75890410958904,13.198630136986301,22.2309,84.8679,0,0.5183452054794521,0.3546575342465753,Medium,Odisha,coastal_east
Sambalpur,32.376438356164385,1735.0,62.42465753424658,13.168219178082191,21.5571,84.1529,0,0.5183397260273972,0.3545205479452055,Medium,Odisha,coastal_east
Pondicherry,31.29808219178082,1271.5,76.26849315068493,19.38684931506849,11.9416,79.8083,0,0.5152246575342465,0.1682301369863013,Medium,Puducherry,coastal_east
Pondicherry,31.29808219178082,1271.5,76.26849315068493,19.38684931506849,11.9416,79.8083,0,0.5152246575342465,0.1682301369863013,Medium,Puducherry,coastal_east
Amritsar,28.523561643835617,947.0,72.06301369863014,12.461917808219178,31.634,74.8723,6,0.5208082191780822,0.3535616438356164,Medium,Punjab,inland_north
Amritsar,28.523561643835617,947.0,72.06301369863014,12.461917808219178,31.634,74.8723,6,0.5208082191780822,0.3535616438356164,Medium,Punjab,inland_north
Batala,27.904657534246578,1075.0,74.40547945205479,12.497808219178081,31.8193,75.2,9,0.5185753424657534,0.35369863013698627,Medium,Punjab,inland_central
Bathinda,30.56904109589041,511.1,61.26849315068493,14.067397260273973,30.211,74.9455,1,0.5205972602739726,0.3561753424657534,Medium,Punjab,inland_north
Bathinda,30.56904109589041,511.1,61.26849315068493,14.067397260273973,30.211,74.9455,1,0.5205972602739726,0.3561753424657534,Medium,Punjab,inland_north
Hoshiarpur,27.925753424657533,837.6999999999999,70.27945205479452,13.71013698630137,31.6093,75.846,12,0.5177479452054794,0.3561643835616438,Medium,Punjab,inland_central
Jalandhar,28.33232876712329,888.9,72.90958904109588,12.66904109589041,31.326,75.5762,4,0.5176986301369862,0.3531506849315068,Medium,Punjab,inland_north
Jalandhar,28.33232876712329,888.9,72.90958904109588,12.66904109589041,31.326,75.5762,4,0.5176986301369862,0.3531506849315068,Medium,Punjab,inland_north
Ludhiana,28.926301369863012,739.9,70.78630136986301,12.79835616438356,30.901,75.8573,1,0.5176219178082191,0.3526027397260273,Medium,Punjab,inland_north
Ludhiana,28.926301369863012,739.9,70.78630136986301,12.79835616438356,30.901,75.8573,1,0.5176219178082191,0.3526027397260273,Medium,Punjab,inland_north
Mohali,28.232876712328768,1028.0,69.22191780821917,15.970958904109589,30.7041,76.7177,1,0.5225780821917808,0.3627397260273973,Medium,Punjab,inland_central
Patiala,29.184109589041096,766.1,68.61643835616438,13.902739726027397,30.3398,76.3869,0,0.5192054794520548,0.3538356164383562,Low,Punjab,inland_north
Patiala,29.184109589041096,766.1,68.61643835616438,13.902739726027397,30.3398,76.3869,0,0.5192054794520548,0.3538356164383562,Low,Punjab,inland_north
Ajmer,29.83945205479452,518.3,55.16986301369863,16.455890410958904,26.4499,74.6399,1,0.5190273972602739,0.363013698630137,Medium,Rajasthan,inland_west
Ajmer,29.83945205479452,518.3,55.16986301369863,16.455890410958904,26.4499,74.6399,1,0.5190273972602739,0.363013698630137,Medium,Rajasthan,inland_west
Alwar,30.674794520547945,687.4,59.59178082191781,14.13013698630137,27.414,76.617,1,0.5201589041095891,0.35657534246575345,Medium,Rajasthan,desert
Bhilwara,30.485479452054797,798.9,58.19178082191781,14.856164383561644,25.471,74.6961,1,0.5169616438356165,0.35767123287671226,Medium,Rajasthan,desert
Bikaner,32.48109589041096,337.8,48.06301369863014,20.064657534246574,28.0229,73.3119,0,0.5230520547945205,0.3793150684931506,High,Rajasthan,desert
Bikaner,32.48109589041096,337.8,48.06301369863014,20.064657534246574,28.0229,73.3119,0,0.5230520547945205,0.3793150684931506,High,Rajasthan,desert
Bikaner,32.48109589041096,337.8,48.06301369863014,20.064657534246574,28.0229,73.3119,0,0.5230520547945205,0.3793150684931506,High,Rajasthan,desert
Jaipur,30.71972602739726,587.7,55.45479452054794,15.422739726027398,26.9124,75.7873,1,0.5215890410958904,0.36,Medium,Rajasthan,inland_north
Jaipur,30.71972602739726,587.7,55.45479452054794,15.422739726027398,26.9124,75.7873,1,0.5215890410958904,0.36,Medium,Rajasthan,inland_north
Jaisalmer,32.595342465753426,250.8,47.72328767123288,22.48849315068493,26.9157,70.9083,0,0.5244904109589041,0.3936986301369862,High,Rajasthan,desert
Jaisalmer,32.595342465753426,250.8,47.72328767123288,22.48849315068493,26.9157,70.9083,0,0.5244904109589041,0.3936986301369862,High,Rajasthan,desert
Jaisalmer,32.595342465753426,250.8,47.72328767123288,22.48849315068493,26.9157,70.9083,0,0.5244904109589041,0.3936986301369862,High,Rajasthan,desert
Jodhpur,31.97616438356164,575.7,50.92054794520548,17.695890410958903,26.2389,73.0243,0,0.5211041095890411,0.3671232876712328,Medium,Rajasthan,desert
Jodhpur,31.97616438356164,575.7,50.92054794520548,17.695890410958903,26.2389,73.0243,0,0.5211041095890411,0.3671232876712328,Medium,Rajasthan,desert
Kota,31.60767123287671,867.6999999999999,58.4,14.814520547945206,25.2138,75.8648,1,0.5174,0.3587671232876712,Medium,Rajasthan,inland_west
Kota,31.60767123287671,867.6999999999999,58.4,14.814520547945206,25.2138,75.8648,1,0.5174,0.3587671232876712,Medium,Rajasthan,inland_west
Sikar,31.053150684931506,453.0,52.347945205479455,16.032054794520548,27.6624,75.028,1,0.5205643835616438,0.36000000000000004,Medium,Rajasthan,desert
Gangtok,20.616438356164384,3643.6,78.91232876712328,6.298630136986302,27.3389,88.6065,7,0.5160410958904109,0.35,High,Sikkim,himalayan
Gangtok,20.616438356164384,3643.6,78.91232876712328,6.298630136986302,27.3389,88.6065,7,0.5160410958904109,0.35,High,Sikkim,himalayan
Gangtok,20.616438356164384,3643.6,78.91232876712328,6.298630136986302,27.3389,88.6065,7,0.5160410958904109,0.35,High,Sikkim,himalayan
Gyalshing,13.254246575342465,3551.5,78.41095890410959,7.914520547945206,27.4185,88.1808,8,0.5121561643835617,0.35,High,Sikkim,himalayan
Mangan,6.882191780821918,3002.0,72.37260273972603,6.140273972602739,27.7497,88.5212,6,0.5165753424657534,0.35,High,Sikkim,himalayan
Namchi,19.79068493150685,2250.3,80.03013698630137,5.660547945205479,27.3031,88.3786,7,0.516427397260274,0.35,Medium,Sikkim,himalayan
Chennai,31.97945205479452,1625.2,75.37534246575342,18.76438356164384,13.0827,80.2707,0,0.5117452054794521,0.1724219178082191,Medium,Tamil Nadu,coastal_east
Chennai,31.97945205479452,1625.2,75.37534246575342,18.76438356164384,13.0827,80.2707,0,0.5117452054794521,0.1724219178082191,Medium,Tamil Nadu,coastal_east
Coimbatore,31.98,1155.0,70.06575342465753,18.237534246575343,11.0168,76.9558,0,0.5186164383561643,0.3668493150684931,Medium,Tamil Nadu,inland_south
Coimbatore,31.98,1155.0,70.06575342465753,18.237534246575343,11.0168,76.9558,0,0.5186164383561643,0.3668493150684931,Medium,Tamil Nadu,inland_south
Erode,34.79369863013699,1113.7,64.3945205479452,15.466575342465754,11.341,77.7172,0,0.5172383561643835,0.3561643835616438,Medium,Tamil Nadu,inland_south
Erode,34.79369863013699,1113.7,64.3945205479452,15.466575342465754,11.341,77.7172,0,0.5172383561643835,0.3561643835616438,Medium,Tamil Nadu,inland_south
Madurai,34.789589041095894,1286.2,65.54246575342465,16.802191780821918,9.9252,78.1198,0,0.5166219178082192,0.3594356164383561,Medium,Tamil Nadu,inland_south
Madurai,34.789589041095894,1286.2,65.54246575342465,16.802191780821918,9.9252,78.1198,0,0.5166219178082192,0.3594356164383561,Medium,Tamil Nadu,inland_south
Salem,33.66876712328767,923.2,65.43561643835616,14.99972602739726,11.6643,78.146,0,0.5171123287671233,0.3542465753424657,Medium,Tamil Nadu,inland_south
Salem,33.66876712328767,923.2,65.43561643835616,14.99972602739726,11.6643,78.146,0,0.5171123287671233,0.3542465753424657,Medium,Tamil Nadu,inland_south
Thoothukudi,34.66986301369863,1569.1,67.7972602739726,19.5413698630137,8.8457,77.9938,0,0.5130356164383562,0.20684383561643838,Medium,Tamil Nadu,coastal_east
Tiruchirappalli,34.66739726027397,1241.3,67.04383561643836,17.51890410958904,10.7905,78.7047,0,0.5185424657534247,0.3076328767123287,Medium,Tamil Nadu,inland_south
Tiruchirappalli,34.66739726027397,1241.3,67.04383561643836,17.51890410958904,10.7905,78.7047,0,0.5185424657534247,0.3076328767123287,Medium,Tamil Nadu,inland_south
Tirunelveli,34.92054794520548,1912.5,66.67123287671232,18.214794520547944,8.7139,77.7567,0,0.5143452054794521,0.2457260273972602,High,Tamil Nadu,inland_south
Tirunelveli,34.92054794520548,1912.5,66.67123287671232,18.214794520547944,8.7139,77.7567,0,0.5143452054794521,0.2457260273972602,High,Tamil Nadu,inland_south
Tirunelveli,34.92054794520548,1912.5,66.67123287671232,18.214794520547944,8.7139,77.7567,0,0.5143452054794521,0.2457260273972602,High,Tamil Nadu,inland_south
Tiruppur,34.0027397260274,753.1,64.40547945205479,21.367123287671234,10.7915,77.5325,0,0.5224493150684931,0.3904109589041096,High,Tamil Nadu,coastal_east
Vellore,33.32602739726028,1217.3,66.62191780821918,16.418082191780822,12.9165,79.1325,0,0.517682191780822,0.3605479452054794,Medium,Tamil Nadu,inland_south
Vellore,33.32602739726028,1217.3,66.62191780821918,16.418082191780822,12.9165,79.1325,0,0.517682191780822,0.3605479452054794,Medium,Tamil Nadu,inland_south
Hyderabad,31.29835616438356,969.0,62.8054794520548,15.986301369863014,17.385,78.4867,0,0.5181479452054795,0.3623287671232876,Medium,Telangana,inland_south
Hyderabad,31.29835616438356,969.0,62.8054794520548,15.986301369863014,17.385,78.4867,0,0.5181479452054795,0.3623287671232876,Medium,Telangana,inland_south
Karimnagar,32.79260273972603,1108.4,60.87671232876713,15.76,18.4348,79.1328,0,0.5180191780821918,0.3621917808219178,Medium,Telangana,inland_central
Khammam,33.942465753424656,1367.9,63.172602739726024,14.968767123287673,17.2465,80.15,0,0.5206712328767122,0.3447945205479452,Medium,Telangana,inland_central
Mahbubnagar,31.553150684931506,868.5,59.26027397260274,17.372876712328768,16.7435,77.9923,0,0.519531506849315,0.36232876712328765,Medium,Telangana,inland_central
Nizamabad,32.314246575342466,852.8,58.55068493150685,14.481095890410959,18.6733,78.0978,0,0.5216465753424657,0.35547945205479453,Medium,Telangana,inland_central
Ramagundam,33.31150684931507,1335.9,62.83835616438356,14.503835616438355,18.7615,79.4788,0,0.5175095890410959,0.3553095890410959,Medium,Telangana,inland_central
Warangal,32.48328767123287,1313.8,63.035616438356165,14.352054794520548,17.9821,79.5971,0,0.5171068493150685,0.35520547945205483,Medium,Telangana,inland_central
Agartala,30.69013698630137,1713.9,77.75068493150685,13.18958904109589,23.8312,91.2824,9,0.518227397260274,0.17126575342465752,Medium,Tripura,inland_northeast
Dharmanagar,30.537260273972603,2107.1,79.55342465753425,11.337260273972603,24.444,92.2073,12,0.5152575342465753,0.17368219178082192,High,Tripura,inland_northeast
Udaipur,29.52739726027397,833.8,57.24383561643835,15.327397260273973,24.5854,73.7125,0,0.5179671232876712,0.36,Medium,Tripura,inland_northeast
Udaipur,29.52739726027397,833.8,57.24383561643835,15.327397260273973,24.5854,73.7125,0,0.5179671232876712,0.36,Medium,Tripura,inland_northeast
Agra,30.39972602739726,871.0,65.08767123287672,14.23808219178082,27.1767,78.0081,0,0.519413698630137,0.3551890410958904,Medium,Uttar Pradesh,inland_north
Agra,30.39972602739726,871.0,65.08767123287672,14.23808219178082,27.1767,78.0081,0,0.519413698630137,0.3551890410958904,Medium,Uttar Pradesh,inland_north
Aligarh,30.2186301369863,853.5,65.41095890410959,14.871232876712329,27.8761,78.1358,0,0.519758904109589,0.35712328767123286,Medium,Uttar Pradesh,inland_central
Allahabad,31.436986301369863,952.9,66.34520547945205,14.898904109589042,25.4381,81.8338,0,0.5192054794520548,0.3128712328767123,Medium,Uttar Pradesh,inland_central
Bareilly,29.636164383561646,1092.1,69.47945205479452,15.180821917808219,28.4582,79.4047,2,0.5200493150684931,0.35883835616438353,High,Uttar Pradesh,inland_central
Gorakhpur,30.580000000000002,1224.8,68.27671232876712,15.347123287671232,26.6678,83.3642,2,0.5158191780821918,0.2900054794520548,Medium,Uttar Pradesh,inland_central
Kanpur,30.997534246575345,1022.2,64.99178082191781,15.05150684931507,26.4499,80.3319,0,0.5193643835616438,0.3404,Medium,Uttar Pradesh,inland_north
Kanpur,30.997534246575345,1022.2,64.99178082191781,15.05150684931507,26.4499,80.3319,0,0.5193643835616438,0.3404,Medium,Uttar Pradesh,inland_north
Lucknow,30.914794520547943,1007.5,65.58630136986301,15.324931506849316,26.8467,80.9462,0,0.522372602739726,0.3301917808219178,Medium,Uttar Pradesh,inland_north
Lucknow,30.914794520547943,1007.5,65.58630136986301,15.324931506849316,26.8467,80.9462,0,0.522372602739726,0.3301917808219178,Medium,Uttar Pradesh,inland_north
Meerut,29.676438356164383,999.9,67.10684931506849,14.861917808219179,29.0019,77.768,0,0.518972602739726,0.35726027397260274,Medium,Uttar Pradesh,inland_central
Moradabad,29.393424657534247,907.1,69.8082191780822,14.940821917808218,28.8797,78.8095,1,0.5158849315068493,0.35888219178082187,Medium,Uttar Pradesh,inland_central
Saharanpur,28.396712328767123,1171.5,70.82465753424657,14.69041095890411,29.9857,77.5041,2,0.519895890410959,0.35630136986301364,Medium,Uttar Pradesh,inland_central
Varanasi,31.58082191780822,1031.8,65.57534246575342,15.15150684931507,25.3176,83.0068,0,0.5171424657534247,0.2926794520547945,Medium,Uttar Pradesh,inland_north
Varanasi,31.58082191780822,1031.8,65.57534246575342,15.15150684931507,25.3176,83.0068,0,0.5171424657534247,0.2926794520547945,Medium,Uttar Pradesh,inland_north
Dehradun,26.284383561643832,1126.5,70.22191780821917,10.041917808219178,30.3165,78.0322,2,0.5164958904109589,0.3508219178082191,Medium,Uttarakhand,himalayan
Dehradun,26.284383561643832,1126.5,70.22191780821917,10.041917808219178,30.3165,78.0322,2,0.5164958904109589,0.3508219178082191,Medium,Uttarakhand,himalayan
Haldwani,28.256438356164384,838.7,62.02465753424657,11.289315068493151,29.2145,79.5279,19,0.5208410958904109,0.35315068493150686,Medium,Uttarakhand,himalayan
Haridwar,28.664109589041097,998.8,70.36164383561643,14.153424657534247,29.9124,78.0087,2,0.5196794520547945,0.35630136986301364,Medium,Uttarakhand,himalayan
Kashipur,29.235890410958906,1200.6,69.56712328767124,15.007945205479452,29.2118,78.9617,1,0.5201698630136986,0.3598630136986301,Medium,Uttarakhand,himalayan
Mussoorie,17.663561643835617,1921.5,71.98082191780821,8.054246575342466,30.4598,78.0776,4,0.5160602739726027,0.35,Medium,Uttarakhand,himalayan
Mussoorie,17.663561643835617,1921.5,71.98082191780821,8.054246575342466,30.4598,78.0776,4,0.5160602739726027,0.35,Medium,Uttarakhand,himalayan
Nainital,18.395068493150685,1303.6,69.07397260273973,8.689315068493151,29.3919,79.4542,18,0.5152301369863014,0.35,Medium,Uttarakhand,himalayan
Nainital,18.395068493150685,1303.6,69.07397260273973,8.689315068493151,29.3919,79.4542,18,0.5152301369863014,0.35,Medium,Uttarakhand,himalayan
Rishikesh,27.82,1124.7,72.27397260273973,10.394246575342466,30.0869,78.2676,2,0.5181616438356164,0.3508219178082191,Medium,Uttarakhand,himalayan
Rishikesh,27.82,1124.7,72.27397260273973,10.394246575342466,30.0869,78.2676,2,0.5181616438356164,0.3508219178082191,Medium,Uttarakhand,himalayan
Roorkee,28.957534246575342,1171.6,71.10684931506849,13.524657534246575,29.8693,77.8902,2,0.5203945205479452,0.35520547945205483,Medium,Uttarakhand,himalayan
Rudrapur,29.206849315068492,1030.2,67.69589041095891,15.472876712328768,28.9707,79.3973,16,0.5179506849315069,0.36232876712328765,Medium,Uttarakhand,himalayan
Asansol,32.00684931506849,1377.3,67.54520547945205,14.244109589041097,23.6739,86.9524,0,0.5177123287671233,0.3326739726027397,Medium,West Bengal,inland_east
Asansol,32.00684931506849,1377.3,67.54520547945205,14.244109589041097,23.6739,86.9524,0,0.5177123287671233,0.3326739726027397,Medium,West Bengal,inland_east
Baharampur,31.821369863013697,1633.2,71.63013698630137,14.682191780821919,24.1045,88.2511,0,0.5173753424657535,0.20553424657534244,Medium,West Bengal,coastal_east
Bardhaman,31.854794520547944,1458.2,72.82191780821918,13.441095890410958,23.2496,87.8682,0,0.5157150684931506,0.22036164383561643,Medium,West Bengal,coastal_east
Darjeeling,16.527397260273972,2149.3,80.63013698630137,6.160821917808219,27.041,88.2663,6,0.5188191780821918,0.35,Medium,West Bengal,himalayan
Darjeeling,16.527397260273972,2149.3,80.63013698630137,6.160821917808219,27.041,88.2663,6,0.5188191780821918,0.35,Medium,West Bengal,himalayan
Durgapur,32.18383561643836,1381.8,68.32602739726028,14.268219178082193,23.5204,87.3119,0,0.5167917808219178,0.3214630136986302,Medium,West Bengal,inland_east
Durgapur,32.18383561643836,1381.8,68.32602739726028,14.268219178082193,23.5204,87.3119,0,0.5167917808219178,0.3214630136986302,Medium,West Bengal,inland_east
Habra,31.287945205479453,2065.0,76.91506849315068,14.106301369863015,22.8401,88.6631,1,0.5144931506849315,0.18089863013698632,High,West Bengal,coastal_east
Howrah,31.63287671232877,1882.3,75.82191780821918,14.695616438356163,22.5958,88.311,0,0.5148849315068493,0.1753753424657534,High,West Bengal,coastal_east
Howrah,31.63287671232877,1882.3,75.82191780821918,14.695616438356163,22.5958,88.311,0,0.5148849315068493,0.1753753424657534,High,West Bengal,coastal_east
Howrah,31.63287671232877,1882.3,75.82191780821918,14.695616438356163,22.5958,88.311,0,0.5148849315068493,0.1753753424657534,High,West Bengal,coastal_east
Kharagpur,32.36767123287672,1426.9,71.53698630136986,14.194246575342465,22.3431,87.3013,0,0.516531506849315,0.24267945205479452,Medium,West Bengal,coastal_east
Kolkata,31.63287671232877,1882.3,75.82191780821918,14.695616438356163,22.5726,88.3639,0,0.5148849315068493,0.1824109589041095,High,West Bengal,coastal_east
Kolkata,31.63287671232877,1882.3,75.82191780821918,14.695616438356163,22.5726,88.3639,0,0.5148849315068493,0.1824109589041095,High,West Bengal,coastal_east
Kolkata,31.63287671232877,1882.3,75.82191780821918,14.695616438356163,22.5726,88.3639,0,0.5148849315068493,0.1824109589041095,High,West Bengal,coastal_east
Malda,31.43123287671233,1455.8,70.73698630136987,14.147123287671233,25.0057,88.1398,1,0.5205013698630138,0.215386301369863,Medium,West Bengal,coastal_east
Siliguri,28.80328767123288,3117.6,72.2027397260274,11.294520547945206,26.7271,88.3953,3,0.5157835616438357,0.3335178082191781,High,West Bengal,himalayan
Siliguri,28.80328767123288,3117.6,72.2027397260274,11.294520547945206,26.7271,88.3953,3,0.5157835616438357,0.3335178082191781,High,West Bengal,himalayan
Siliguri,28.80328767123288,3117.6,72.2027397260274,11.294520547945206,26.7271,88.3953,3,0.5157835616438357,0.3335178082191781,High,West Bengal,himalayan
